type,count,sum_of_average_pa_and_pb,sum_of_average_heterosis
10x11,300,0.002194197485470593,0.9653101530927318
10x13,300,0.0022684372075455965,0.9965511634813629
10x14,300,0.0020727383844418093,0.9820329590973661
10x15,300,0.002223130167534745,0.9754022436364552
10x16,300,0.0020812886391589633,0.963126675240775
10x17,300,0.0024269790225870218,1.0106064367946659
10x19,300,0.0023701721229731744,1.027476038698636
10x35,300,0.0020081984726212716,0.9476505786642425
10x20,300,0.0022609640764328113,0.9720731768631711
10x21,300,0.002310369376858198,1.020317345127734
10x22,300,0.0021072338839255743,0.932971017336312
10x23,300,0.0018618636861968722,0.9774217166214731
10x24,300,0.002300190761503645,1.0183442411982087
10x25,300,0.0019280451050899922,0.9180188909289242
10x26,300,0.00236132634905745,1.0350388834367106
10x28,300,0.0019242957780136606,0.9378380710981806
10x29,300,0.002381666436581989,1.038578525806842
10x2,300,0.002009494936977717,0.9859851801383055
10x30,300,0.002430514600965664,1.0227281362628737
10x31,300,0.0021474426653066052,0.9346684986835421
10x32,300,0.0019185868818359423,0.9204891495482964
10x33,300,0.0023336975494679317,1.0079296079482774
10x34,300,0.0024467905899502674,1.0001322145284548
10x1,300,0.0019769975951034868,0.9010733042247879
10x36,300,0.001893889123223734,0.9337291763791236
10x37,300,0.002062079663970407,1.0334527048073268
10x38,300,0.001969758810815878,0.958914346046754
10x39,300,0.001858629533893494,0.9332002865334893
10x3,300,0.002555396174560347,0.9791556959524315
10x40,300,0.0019743515595387457,0.9836677652405528
10x4,300,0.0017881161404038526,0.9803096861843414
10x5,300,0.0020309977061911135,0.9558930744029933
10x6,300,0.0021098292949008664,0.9473023825787258
10x7,300,0.001955215134967439,0.9572926890112243
10x8,300,0.002269586746966162,1.0042423956192446
10x9,300,0.0018004425810348188,0.9334188401595672
11x13,300,0.0021858991977522003,1.0381524781999436
11x14,300,0.0019957363314053356,1.0543324564726924
11x15,300,0.0021441720138292075,1.044742271797829
11x16,300,0.002001375075457336,1.045519840902099
11x17,300,0.0023551800493621013,0.9545590617375906
11x19,300,0.0022918412649578384,0.978248567320972
11x1,300,0.0018980843838048516,0.9391852155101058
11x20,300,0.0021785206678003625,1.0145628199855208
11x21,300,0.002255405566252318,0.9918919751888233
11x22,300,0.002035816481255795,1.0316265157190976
11x24,300,0.0022197761621328056,1.0341958366349289
11x25,300,0.0018901351660869454,0.9827117855200722
11x26,300,0.0022916577148432643,0.963621135601922
11x28,300,0.0018416546546026573,0.9476536310572711
11x29,300,0.0023050504076470336,0.9893347610822077
11x30,300,0.00235680236690027,0.9517793355677315
11x31,300,0.002059921257437009,1.0561072641471103
11x33,300,0.0022607033480068774,0.9944025607597269
11x34,300,0.0023890096219708504,0.9555716500263448
11x35,300,0.0019320175134065732,1.029843946265915
11x36,300,0.0018289021617136317,0.9672359956628755
11x37,300,0.001970443369994888,1.1042469728573219
11x38,300,0.001903589390596443,1.052258085212347
11x39,300,0.0017857118238854364,1.0089573731627508
11x3,300,0.002491410570452879,0.9230201929622367
11x40,300,0.0018977374396212739,1.0277877569033884
1x14,300,0.0018891020535038983,1.0861153882929935
11x4,300,0.001684083834347504,0.9981638182800803
11x5,300,0.0019497990920241447,1.0308930434946335
11x6,300,0.0020352990704497493,1.0224223900362095
11x7,300,0.0018603048784846218,1.025551844427157
11x8,300,0.0022007038206392987,1.0271547925617677
1x19,300,0.002218983249643087,0.9174848182778301
11x9,300,0.0016955551421315137,0.9654167384565316
12x10,300,0.0023587838318961498,0.9901124679035243
12x11,300,0.0021603725091018074,1.0028538922084953
12x13,300,0.002232092995169733,1.0278272133538495
12x14,300,0.0020191009860833437,1.0007848832967625
12x15,300,0.0021800940226281186,1.006719982272872
12x16,300,0.0020448517440148804,0.9945588462476272
12x17,300,0.0023937155015127257,0.9750162746024642
12x18,300,0.0018236369132848174,0.9008841004321494
12x19,300,0.002337913897250028,1.0056041102787951
12x1,300,0.0019138849936681812,0.9329894603881511
12x20,300,0.0022192494605734305,0.9972400157277813
12x21,300,0.002274109681532979,1.0499538634070789
12x22,300,0.0020707021493260275,0.9857006914971089
12x23,300,0.001814892335885675,0.8753225943840033
12x24,300,0.0022561291323789103,1.04730783130917
12x25,300,0.0019216569183647335,1.0072905999142456
12x26,300,0.002331365922753461,1.0157524403412788
12x27,300,0.0022201289880914347,1.0086212627225686
12x28,300,0.0018560488048561315,0.890891919625928
12x29,300,0.002350271215448712,0.9799168647075712
12x2,300,0.0019292554996966176,0.9040901952621028
12x30,300,0.0023992366862627713,1.0059708224182662
12x31,300,0.00210357930399593,1.0351923416418334
12x32,300,0.0018462596972283645,0.9707226379439057
12x33,300,0.00230477946219657,1.0147266969029982
12x34,300,0.0024172913413631793,0.9611863628996845
12x35,300,0.001945233053189043,0.9830355224057195
12x36,300,0.0018325554854445954,0.9732437560578485
12x37,300,0.002009691380923587,1.0578332972749955
12x38,300,0.0019155529531371023,0.9930105692592152
12x39,300,0.0018092408721399323,0.9634197402371133
12x3,300,0.002529186818147837,0.9430075098219025
12x40,300,0.0019285253044497444,0.9930722070404806
12x4,300,0.0017317850613717978,0.926056707303688
12x5,300,0.001983739977279693,0.9764227886359618
1x26,300,0.002216251280037421,0.8894136191784291
12x6,300,0.0020692904125790687,0.9772463972029325
12x7,300,0.0018941225124185076,0.9806496454332463
12x8,300,0.0022309534148755687,1.0215751197101255
12x9,300,0.0017316331845940113,0.9478543474402208
13x14,300,0.0019919995494393516,1.041783046277147
13x19,300,0.002321956648618962,1.0178244838084602
1x31,300,0.001973328032962689,1.02363133243234
13x1,300,0.0019027058926152996,0.9463347611993875
13x26,300,0.0023103090901584957,1.01802079542998
13x31,300,0.0020877249116731714,1.0656115007243243
13x33,300,0.0022856064924912643,1.0304302557871878
13x37,300,0.0019932392180457294,1.0545294120711275
13x38,300,0.0019091869624019478,0.9884802592918014
13x39,300,0.0017937319197515514,0.996831290325229
1x33,300,0.002181182508024349,0.9194263654189636
13x40,300,0.0019061853179080134,1.0421935591659706
13x4,300,0.0017099490493651015,0.9877473025155975
13x5,300,0.0019722077813910254,1.0142976192630486
1x37,300,0.0018738279651809302,1.1426116387960512
13x9,300,0.0017238046990852107,0.9921644681959674
14x26,300,0.0022397119212925884,1.0058298997998136
14x31,300,0.0020161600986985076,1.088531522100467
14x33,300,0.0022273509423357887,0.9925246835143059
15x13,300,0.0022010826882305767,1.0344889916996
15x14,300,0.0019836261373214355,1.047977915853297
15x19,300,0.0023075561999903863,0.9980454761900817
15x1,300,0.0018880216711002022,0.9696511909476466
15x26,300,0.002289829049370515,0.9826002419296646
15x31,300,0.0020571499826450208,1.062187484121109
15x33,300,0.0022753434554278703,1.0016827025537038
15x37,300,0.0019476486298344985,1.0025861966266862
15x38,300,0.0018781796897765443,1.057364438431041
15x39,300,0.0017686310945899172,0.9378515899244826
15x40,300,0.0018793774767359654,1.0238611073191826
15x4,300,0.0016991092640134384,1.0444364339584715
15x5,300,0.0019407607343114564,1.0222198085254248
15x9,300,0.001703806171074204,0.9919757191166146
16x13,300,0.0021594309600876348,1.0060451592101025
16x14,300,0.0019286732551884386,1.1403576958085193
16x15,300,0.0021086521268080037,1.0266493915129764
16x17,300,0.0023297968536015287,0.9548442329794523
16x19,300,0.002256749871990163,0.9737554000774634
16x1,300,0.001859289069192771,1.0403841318875882
16x20,300,0.0021468719241938303,1.0047419464574991
16x21,300,0.0022098384897714235,1.0129962236041414
16x22,300,0.0019914228993684747,1.0904312199517916
16x24,300,0.002188193098335579,1.0263332627048818
16x25,300,0.0018476895814902472,1.06958843739966
16x26,300,0.002258799179125931,0.9782818847455879
16x28,300,0.0017947371422559492,1.0891487180106858
16x29,300,0.002269269419837498,0.9542856162825681
16x30,300,0.002340152849036478,0.9928424840954305
16x31,300,0.0020408158329797057,1.0752802503654382
16x33,300,0.0022274163073227075,0.9635547703432162
16x34,300,0.002342123032045739,0.9515659095158707
16x35,300,0.0018858040898219444,1.081227535880779
16x36,300,0.001759431697826934,1.0659359672202735
16x37,300,0.00192879774045534,1.1431724043307947
16x38,300,0.0018620817456653158,1.1296565771425549
16x39,300,0.001756229672662118,1.0974070845328283
16x3,300,0.0024721770572379074,0.8973414452027475
16x40,300,0.0018435671096087354,1.1265824609913901
16x4,300,0.001670585410484724,1.0475785570477025
16x5,300,0.0019109898507904304,1.0904267734273554
16x6,300,0.0019927059662105534,1.0848062937912126
16x7,300,0.0018264652734180313,1.1197157474156676
16x9,300,0.0016518100739777353,1.080785453165092
17x13,300,0.0022743153134295703,0.9818032900162788
17x14,300,0.002073764289770917,0.964730454180625
17x15,300,0.0022159515916900484,0.9616168444986916
17x19,300,0.002381545666913874,1.0107257680994777
17x1,300,0.0019535828582663488,0.884704978463307
17x20,300,0.0022571633772150907,0.9550547331869562
17x21,300,0.0023132804162421076,1.0026787645270796
17x22,300,0.002118130109671875,0.9493668885304413
17x24,300,0.002292287414992177,1.0018822455889238
17x25,300,0.0019726456526568278,0.8814421327305352
17x26,300,0.002375579936487401,1.0175471619831817
17x28,300,0.0018927031904667725,0.921999872004638
17x29,300,0.0023928455250241715,1.0080468348671554
17x30,300,0.0024412618672706114,1.0345443641655176
17x31,300,0.0021410430467501147,0.9831080026656921
17x33,300,0.0023503823681384163,1.0050306023042883
17x34,300,0.0024625021007570226,1.001739330972235
17x35,300,0.001972091229523176,0.8903579514023323
17x36,300,0.0018776589360646587,0.8663562133446309
17x37,300,0.0020543208407641,0.9965373516014314
17x38,300,0.001962296090544011,0.9436919575176296
17x39,300,0.0018670186836137533,0.9192684214215461
17x3,300,0.0025789577925297504,0.9779080335923009
17x40,300,0.001967731732957966,0.9471943140950537
17x4,300,0.0017747253555708531,0.9074496336888949
17x5,300,0.0020205931138256245,0.9373164914456226
17x6,300,0.00210996073530366,0.930555633423676
17x7,300,0.0019169678085184153,0.9337255526523709
17x9,300,0.0017683033651904139,0.8999680553043625
18x10,300,0.002172276004271023,0.9486690099449443
18x11,300,0.00198075537973033,0.9783733127974409
18x13,300,0.0020420452689565716,0.9836025350199924
18x14,300,0.0018627385475530707,1.04688115994423
18x15,300,0.002006728667075478,1.0046786990924448
18x16,300,0.001853266726055257,1.091698461705223
18x17,300,0.0021956108874773305,0.9332750498916531
18x19,300,0.0021291894128124354,0.8709036154290157
18x1,300,0.0017483155681425066,1.1179305817678014
18x20,300,0.0020217114051742837,0.884866225579752
18x21,300,0.002071768501886562,0.9912538310142328
18x22,300,0.0019039983495925054,1.0309594047865724
18x23,300,0.001624328227744813,1.1251920414328365
18x24,300,0.002056469241390218,0.9947745974633466
18x25,300,0.0017691636824558436,1.0060389655510955
18x26,300,0.0021203607559196866,0.9576738228728656
18x27,300,0.002064278905036691,0.9590231447046081
18x28,300,0.0016908487365210189,1.0377678405932658
18x29,300,0.0021644582188401437,0.8830933898853514
18x2,300,0.0017899618072528096,1.0360303724346973
18x30,300,0.0021845366191821994,0.8223109714084061
18x31,300,0.0019453083157892454,1.0339114736647836
18x32,300,0.0016978617303664851,1.1772146898279927
18x33,300,0.0021208724959460314,0.96278495695571
18x34,300,0.0022475527915980006,0.9131901167938367
18x35,300,0.0017483422256065854,1.160826585777502
18x36,300,0.0017173693863450326,1.2306446550929486
18x37,300,0.001796701225803083,1.223845025239617
18x38,300,0.001757337000164579,1.1284862821287456
18x39,300,0.001649820715162196,1.1230570322675686
18x3,300,0.002339618508960214,0.7859169868590347
18x40,300,0.001723678021782681,1.1904827745431399
18x4,300,0.0015475020892021828,1.0670538733940849
18x5,300,0.001799786593439464,1.1628776416720217
18x6,300,0.0018825245049695772,1.0017517131454698
18x7,300,0.0017373663999521191,1.1779072377052315
18x8,300,0.0020712153504558422,1.0129851848494378
18x9,300,0.001556894912361853,1.1427665196936099
19x14,300,0.0020154062345280714,0.9844388927742902
19x26,300,0.0023561831901035717,1.0544416943987434
19x31,300,0.002143292311875791,1.019791629129816
19x33,300,0.0023345846833607484,1.0408793254199866
19x9,300,0.0017452695007243238,0.882902752331027
1x9,300,0.00161782685584955,1.0168002769041586
20x13,300,0.0022180626334407194,1.0300002967381052
20x14,300,0.00198817262692452,0.9955213842796964
20x15,300,0.0021539120029490963,1.0134411567552375
20x19,300,0.0023226559433953114,0.97138522230366
20x1,300,0.001905316030372164,0.9409059131691923
20x24,300,0.002226333408266446,1.0308244472047072
20x25,300,0.001900480784194842,1.0224530078149783
20x26,300,0.002316957250896618,0.9836089856626201
20x29,300,0.0023260105718890447,0.9936730862372982
20x31,300,0.002096983615854439,1.0380288054431825
20x33,300,0.002291764376282879,1.0028931207925482
20x34,300,0.0023953971860966,0.9515202032327856
20x37,300,0.001948355688780172,1.0526130276389052
20x38,300,0.001911881723669998,1.0607451469050322
20x39,300,0.001796742731984769,0.860312095742988
20x40,300,0.0018807348153945917,0.9761437295475974
20x4,300,0.001707609330862679,0.9182599333442244
20x5,300,0.0019402134622508239,0.9910332218699411
20x6,300,0.002046611031241032,0.9657734784162608
20x9,300,0.0017040590320411219,0.9208495155596521
21x13,300,0.0022160517956089022,1.0637045801608056
21x14,300,0.0020040040187668056,1.0541443083850501
21x15,300,0.002175217994442447,1.049498783287112
21x19,300,0.002329384841605335,1.0382237936782552
2x11,300,0.0020182676841972343,0.9731358854938609
21x1,300,0.0019281154327577936,0.925959427485121
21x20,300,0.002210899011348377,1.020254620697285
21x24,300,0.002256279132333021,1.0838206576455582
21x25,300,0.001907969589377387,0.9794836516787296
21x26,300,0.0023205874905931475,0.9887444965865821
21x29,300,0.0023427571358721274,1.0362552449208438
21x31,300,0.00208704937480973,1.0725517262594775
21x33,300,0.0023013040369881965,1.0329459067791442
21x34,300,0.002404497804346648,1.0002805456173645
21x36,300,0.0018591443467522117,0.9278425808799113
21x37,300,0.0020072983900762393,1.0996729271555388
21x38,300,0.0019245180514000579,1.0361208769015833
21x39,300,0.0018101146888343633,1.0056319469834754
2x13,300,0.002078398678554196,1.0022909587384636
21x40,300,0.0019041429944693952,0.9733467236258768
2x14,300,0.0018530820450317121,1.0832724596538053
21x4,300,0.001729160936949874,1.000232493815031
2x15,300,0.002025806554851031,0.9775783781045303
21x5,300,0.001981048369208537,1.0251878953621383
2x16,300,0.001888995122184322,1.0863818166158812
21x6,300,0.002072329737131938,0.9917260544389215
2x17,300,0.002294206363124772,0.9324228588183593
2x19,300,0.0021942087164606573,0.8866915524534746
21x9,300,0.001738379160435618,0.963453675414001
2x1,300,0.0017789613580467352,1.0767648710326854
2x20,300,0.002067459238204174,0.8757873024632227
22x13,300,0.0021641376587999113,1.0201319884091269
22x14,300,0.001968723516519671,1.0945323520049979
22x15,300,0.002118888785513766,1.0266163317617287
22x19,300,0.0022720046295432194,0.9801173741725169
2x21,300,0.00213208597262962,0.9853936510692881
22x1,300,0.0018802130387355824,0.9915829076354724
22x20,300,0.0021596181883742657,0.9986290265336302
22x21,300,0.0022011745896631683,0.9742090772750013
22x24,300,0.002185117433699756,1.0163624205272808
22x25,300,0.0018357019768727209,0.9961517891967738
22x26,300,0.0022544232050621736,0.9462246406966948
22x29,300,0.0022952964815217414,0.985382695953839
2x22,300,0.001912648804526766,1.128470897943434
22x30,300,0.002322999262783298,0.9796774368659048
22x31,300,0.002071465708341976,1.0562847557057558
22x33,300,0.0022419350917985055,0.9600367040051784
22x34,300,0.002354285890213061,0.9394173797749615
22x36,300,0.0017897911016673718,0.9618235901273112
22x37,300,0.0019222580561465126,1.147531560012642
22x38,300,0.0018646486856629264,1.1202831620412836
22x39,300,0.0017418420313621815,1.03372705684231
22x40,300,0.0018607260076140427,1.0241443773657266
2x24,300,0.002136585554877357,1.0027858675743355
22x4,300,0.001674701711636878,1.0382240014398443
2x25,300,0.0017837509065247018,1.0233422021486374
22x5,300,0.0019162210121692759,1.0477473567841586
2x26,300,0.002195587906442224,0.985096729148127
22x6,300,0.001997789094111137,1.0649457072048742
2x28,300,0.0017518840183936876,1.077497991673088
2x29,300,0.002205164652899113,0.9067073764591341
22x9,300,0.0017032103019984967,1.0513358729912807
2x30,300,0.0023299529114317085,0.8690684281589472
23x11,300,0.002011875448587171,0.9532553275339288
23x13,300,0.0020621995186766513,1.0280078381909628
23x14,300,0.001870451618097729,1.0676719428024357
23x15,300,0.0020221542497979345,0.9951292757275176
23x16,300,0.001878275370948036,1.0335555144197053
23x17,300,0.002232146769228839,0.9576243749310337
23x19,300,0.0021658859502088237,0.8682817166509186
2x31,300,0.001967901726794317,1.1212901038250804
23x1,300,0.0017672210146866798,1.1002427328424806
23x20,300,0.002037940850172285,0.8692112597183086
23x21,300,0.0021540097961911366,0.9517736477649564
23x22,300,0.0019240018911943146,1.0546319109567364
23x24,300,0.002102560944528492,0.9923908456990548
23x25,300,0.0017902195925165712,1.0321792993521952
23x26,300,0.0021737785185626,0.9597920422417667
23x28,300,0.0017171931805907393,1.0436432251195062
23x29,300,0.002182733711953497,0.9058427206966788
23x2,300,0.00181729503841385,1.0392784146728418
23x30,300,0.002196806162773693,0.8538042071497155
23x31,300,0.0019471802679859249,1.1058857634356907
23x33,300,0.0021398561185807102,0.9836367705465661
23x34,300,0.0022782893917447367,0.9499997790827183
23x35,300,0.0018132670462092648,1.1177398326534107
23x36,300,0.001748660132528109,1.1689425034105283
23x37,300,0.0018432316142552052,1.2506566679104758
23x38,300,0.0018075620165209371,1.181082854013782
23x39,300,0.0016842497330727428,1.0823301796225029
2x33,300,0.002146353708251868,1.015511269017133
23x3,300,0.002350029444181134,0.7936393371392015
23x40,300,0.0017678998420430866,1.2040569476553886
2x34,300,0.0022917907951400802,0.9571344459579482
23x4,300,0.0015596651237040494,1.093930190016755
2x35,300,0.0018221524738376274,1.1333404784498364
23x5,300,0.001803723745979697,1.1586469905102157
2x36,300,0.0016660596667098097,1.2302575412384154
23x6,300,0.0019003930376852397,0.9839393986808513
2x37,300,0.0018388532018998186,1.2626263866810734
23x7,300,0.001752239660385439,1.2484532347132902
2x38,300,0.0017984269619187373,1.1708054275193318
23x8,300,0.002095333946492685,1.0352371826588802
2x39,300,0.001690577820065567,1.1195079615448948
23x9,300,0.0015894524353297966,1.0633392672009294
2x3,300,0.0024086157143163355,0.8012514786775704
2x40,300,0.0017609490227072015,1.1924600186115075
24x13,300,0.002224381257945587,1.077926693785457
24x14,300,0.0020229679131001576,1.0381075217010012
24x15,300,0.0021643878703693584,1.053140916072474
24x19,300,0.0023342756894731546,1.037266841463986
24x1,300,0.0019111130474146283,0.9736816889796298
24x26,300,0.0023277062158916367,1.0480719327931405
24x31,300,0.0020900538792597463,1.061089597438414
24x33,300,0.002306944007755488,1.036544955313505
24x34,300,0.0023967724768326646,1.0000738282520283
24x37,300,0.0019837889984653393,1.0932221196397183
24x38,300,0.0019193645034849911,1.0323297245162522
24x39,300,0.0018316631115080173,1.0061042964255291
24x40,300,0.0019204480055641233,1.0472684402080497
24x4,300,0.0017365523865568503,1.0440558532532775
24x5,300,0.001987351542502482,1.0208506610991845
24x9,300,0.0017239917549063948,1.019563683885377
2x4,300,0.0015738557327329632,1.1294546292104226
25x13,300,0.002073175477334937,0.9858929649649527
25x14,300,0.0018913299551144255,1.1164788702231943
25x15,300,0.002026969224141474,0.9950552970283482
25x19,300,0.0022085057093736964,0.9724354783136835
25x1,300,0.0017718279842948922,1.0469233700631986
25x24,300,0.0020697404781546964,1.0347147714994973
25x26,300,0.002156761403735849,0.9183289208075437
25x29,300,0.002216046380398488,0.9341342301411157
25x31,300,0.001974083900090698,1.0278125989207083
25x33,300,0.002162427263076569,0.9289380347095696
25x34,300,0.0022687684518610646,0.9421481331543138
25x37,300,0.0018405261465195004,1.252614520222813
25x38,300,0.0017844607246867978,1.2413788451239733
25x39,300,0.001666684121038698,1.149173804202723
25x40,300,0.001753000027357107,1.0609591985507885
25x4,300,0.0015565936776788072,1.040865260078346
25x5,300,0.0018423092093928517,1.1490015458246807
25x9,300,0.001568182551840865,1.037560065741612
2x5,300,0.0018391350535844448,1.186527374231141
2x6,300,0.0019161782254354272,1.006988253669839
27x10,300,0.0023451918644052726,0.9842726185143393
27x11,300,0.002145841248769208,1.0324720850053262
27x13,300,0.002227126817438492,1.0474866567175818
27x14,300,0.0020022844276215237,1.0256902647315302
27x15,300,0.0021686898916649434,1.0178639006626164
27x16,300,0.0020423316555470044,1.0128517751997008
27x17,300,0.0023848812944861787,0.9741717004815251
27x19,300,0.00232170258621659,1.007010284984498
27x1,300,0.0019201632361041598,0.9526451441362347
27x20,300,0.0022101640727658326,1.004704879209548
27x21,300,0.002264990091659546,1.0370172141518368
27x22,300,0.0020551536166265355,1.017436691228011
27x23,300,0.0018041225192301283,0.9421228665392508
27x24,300,0.0022439655590631245,1.0448596641325043
27x25,300,0.001926256500329333,1.026964321527497
27x26,300,0.0023233234492360294,0.9988330299580442
27x28,300,0.001868815456338265,0.9539281824030794
27x29,300,0.0023285291531039234,1.0106244302074736
27x2,300,0.001956247345498885,0.9629882797025487
27x30,300,0.0023761173112597156,1.005107130953102
27x31,300,0.002080199271775326,1.054272909149972
27x32,300,0.0018327472001278178,1.0006813534165964
27x33,300,0.0022969343723811117,1.013017555794759
27x34,300,0.002401757127580074,0.9692865391085564
27x35,300,0.0019249908447233014,0.9367345607674584
27x36,300,0.0018521332529848821,0.9694378267903301
27x37,300,0.0019633657101449896,1.0812737091911644
27x38,300,0.0019028455709922765,1.0250590793231182
27x39,300,0.0017998801848013394,0.9888773283091125
27x3,300,0.0025078437441572693,0.949177449555548
27x40,300,0.0019110847004563968,0.9960795532548824
27x4,300,0.0017061128039127472,0.9994700242051014
27x5,300,0.0019696025222873882,1.0039112934301286
27x6,300,0.0020610319720306552,0.9795256042093036
27x7,300,0.0018701855621258885,1.0034893125177136
27x8,300,0.002222033604001358,1.0437947297634405
27x9,300,0.0017225746056013132,0.9856425273025087
2x7,300,0.0017487689230145838,1.2719004564981689
28x13,300,0.0021033131602125697,0.9987188988428085
28x14,300,0.0018707533896090238,1.0542464323093934
28x15,300,0.0020522435907725576,1.0036573880591826
28x19,300,0.0022086475596878674,0.8676599581032012
28x1,300,0.0017968567370826639,1.0719805348396396
28x20,300,0.0020827633613206033,0.8829322290553445
28x21,300,0.0021527070248840326,0.9731864272338979
28x22,300,0.0019206132143292569,1.075883470319656
28x24,300,0.0021211834571806237,0.9855988335816536
28x25,300,0.0017653894020738142,1.0864736589356014
28x26,300,0.0022100357176164168,0.9647684673710281
28x29,300,0.002227017506218555,0.8950703778772694
28x30,300,0.002241794665392331,0.8333764837170177
28x31,300,0.0019689203811217057,1.0639368622032053
28x33,300,0.002187222092832325,0.9679843821141907
28x34,300,0.0022601928181653526,0.922666861345841
28x35,300,0.0018211159685848565,1.0615557611000679
28x36,300,0.001706788894419852,1.157882371586595
28x37,300,0.0018330747201092726,1.214354936772542
28x38,300,0.001793054775367946,1.086769268550863
28x39,300,0.0016859245316442407,1.0706332957143316
28x40,300,0.0017811838006844868,1.1873765334472162
28x4,300,0.0015874905399601705,1.0669350624819687
28x5,300,0.0018486153891384442,1.150807144482696
28x6,300,0.0019351556647554953,0.9954928310475909
28x7,300,0.0017554962686930965,1.205402682729279
28x9,300,0.0015859517968001226,1.0101087430472562
2x8,300,0.0021026447593446972,1.052010180077068
29x13,300,0.0022541040683773396,0.9998129853291994
29x14,300,0.0020471371209921105,1.009336658945643
29x15,300,0.002199426537920279,1.0061778343145156
29x19,300,0.0023604225010952678,1.0575946506354368
29x1,300,0.0019467256017292088,0.8890800106477288
29x24,300,0.002270921527152158,1.017498451315466
29x26,300,0.0023410856823457673,0.9925202199912907
29x31,300,0.002119841108706752,1.0095731299676363
29x33,300,0.002325464216945816,1.0225101264217533
29x34,300,0.00244176949948074,1.0168310208888554
29x37,300,0.0020174416703618698,1.0569571818626795
29x38,300,0.0019313220778851223,0.9171018673342729
29x39,300,0.00182697505696229,0.9042096041066685
29x40,300,0.001927447649875717,1.005455622319065
29x4,300,0.0017587268183893402,0.9310361993826598
29x5,300,0.0019735647685722875,0.9278382663509418
29x9,300,0.0017561219153358588,0.8462451685435146
2x9,300,0.0015885988012940282,1.092707974837236
30x13,300,0.002272094021997705,1.0250849388923984
30x14,300,0.0020834006369922047,0.9640239852975087
30x15,300,0.0022031339482184824,0.9997767179208099
30x19,300,0.002380432245242965,1.0192940401064623
30x1,300,0.001954589238703404,0.8854902063158768
30x20,300,0.0022584746683400815,0.9975569889577778
30x21,300,0.002309443924644899,1.0374915458308727
30x24,300,0.0022966428833752516,1.0411410747457865
30x25,300,0.001982960277728318,0.9880439605538484
30x26,300,0.0023678963359643032,1.059140865784382
30x29,300,0.002391464736624969,1.024053886721616
30x31,300,0.0021573025794047918,0.9730973412740406
30x33,300,0.0023418530570611692,1.0488558611885226
30x34,300,0.002460748370719974,1.0389778052422145
30x36,300,0.0019059755869755494,0.9411285453667597
30x37,300,0.0020345461537869254,1.0589746596254905
30x38,300,0.001976529836137004,0.9390103134420175
30x39,300,0.001875304110011613,0.9546025018579094
30x40,300,0.001963052399565686,0.9841304339671604
30x4,300,0.0017537780151238335,0.8570078034665867
30x5,300,0.002023747169533335,0.9784876890325521
30x6,300,0.0021230572256655507,0.9720210610308005
30x9,300,0.001762292339618489,0.8631663016404237
31x26,300,0.002283867455508454,1.0268891438661563
31x33,300,0.002264032918802467,0.9857678965874267
3x13,300,0.0023201262474877465,0.9541282253169341
3x14,300,0.0021015685514825812,0.9066309923533862
3x15,300,0.0022544344994317477,0.9312239017820646
3x19,300,0.0024266721248888713,0.9864220455798416
3x1,300,0.002001032951976589,0.8568760647616026
3x20,300,0.00231067030179237,0.9265083326392556
32x11,300,0.002008895273138501,1.0198004728707046
32x13,300,0.0020907311531788235,0.988233159792985
32x14,300,0.0018510805836557806,1.0877347571466287
32x15,300,0.0020484290442630134,0.9402663000378082
32x16,300,0.0019149178044363332,1.0829914854408882
32x17,300,0.0022306415515893187,0.930399394215886
32x19,300,0.0021841851728115953,0.8621119204909703
3x21,300,0.0023538322007677225,0.9743068995037047
32x1,300,0.0017783526409952002,1.1152398876540777
32x20,300,0.0020746640367641277,0.8607739186435831
32x21,300,0.002124422710802275,1.003654513701019
32x22,300,0.001930228246839283,1.0330989208535868
32x23,300,0.0016821148267876817,1.1671196310605492
32x24,300,0.002110921972789931,1.0022060473306948
32x25,300,0.001823517238228361,1.13661439346222
32x26,300,0.0021805835852654427,0.9712254039210002
32x28,300,0.0017226381666236394,1.1160238349944709
3x26,300,0.002419564973213317,0.9891349822050353
3x22,300,0.002156269431253195,0.9183366644519515
32x2,300,0.0018011763579306105,1.121340294456881
32x30,300,0.002213161190881399,0.9689131360331267
32x31,300,0.0019703557351034547,1.072380919868036
32x33,300,0.002167415102756881,0.9782412131799201
32x34,300,0.002290151488202614,0.9265374723596516
32x35,300,0.0017703188287651688,1.1287671610682526
32x36,300,0.001719182721002295,1.2254194744591915
32x37,300,0.0018101588665887813,1.2121916686711853
32x38,300,0.001784852920466824,1.2157161556928349
32x39,300,0.0016904655962037421,1.0261162058338054
32x3,300,0.0024010149427323127,0.8813127017833593
32x40,300,0.0017621043696767265,1.2254101639302033
3x24,300,0.002345254659836221,0.9751077713197702
32x4,300,0.001573842230766629,1.1778022179322263
3x25,300,0.002026005800168616,0.8947288491976388
32x5,300,0.0018224507381126294,1.126533354928624
32x29,300,0.0022104145055538782,0.9041622179757854
32x6,300,0.0019207370756234865,1.0567473802459333
32x7,300,0.0017431192188235337,1.1907308887233874
3x28,300,0.001953639199124741,0.7940478080771073
32x8,300,0.0020924133541209214,1.0139700351305183
3x29,300,0.0024442354658735406,0.9670101407261014
32x9,300,0.001579243565049379,1.1895392462282945
3x30,300,0.002489737025002891,0.999897521483686
3x31,300,0.00219683125921042,0.960121068547451
33x26,300,0.002333375195181038,1.0161912566902254
3x33,300,0.0023964271273040284,0.9773707694096125
3x34,300,0.0025088126948410424,0.9848455662018057
3x35,300,0.0020226415380043194,0.9140304957844924
3x36,300,0.001939371721047013,0.9027644461542323
3x37,300,0.002096348596379581,0.9818999874153377
3x38,300,0.002027528539884911,0.8942325725091332
3x39,300,0.0018963935385671042,0.8888450172057558
3x40,300,0.002012149192603174,0.9380116025770623
34x13,300,0.00228496718899123,0.9781658511035874
34x14,300,0.0020758085946064905,0.9645159480883649
34x15,300,0.0022323429813759445,0.9548015423174622
34x19,300,0.0023888206760134326,1.0082345429178592
34x1,300,0.0019900378456263828,0.8833094681663382
34x26,300,0.0023818333070440584,1.0163674586229778
34x31,300,0.0021426543638564323,0.9830147185036602
34x33,300,0.002362097705586645,1.0002590124021866
34x37,300,0.0020255897183922983,1.0077926050823107
34x38,300,0.0019715746402736924,0.9960598938395367
34x39,300,0.0018772940825178756,0.9069411630643442
34x40,300,0.001954367208388512,0.9408682726995047
34x4,300,0.0017701743724274962,0.9209262350026476
34x5,300,0.0020449131975000165,0.9337942864866706
34x9,300,0.0017806999916367757,0.919685619915143
3x4,300,0.0018115157630142435,0.8217025861613678
35x13,300,0.0021232175850580304,1.012284621006291
35x14,300,0.0019189756385486383,1.1310979554043301
35x15,300,0.0020690461112248047,0.9541784288960232
35x19,300,0.0022343649326651486,0.9799856873193596
35x1,300,0.0018307845521166914,1.0364802332213703
35x20,300,0.0021182011764683956,0.9276740763670025
35x21,300,0.0021672006804416264,0.9830932842455947
35x22,300,0.001955660214406633,1.0682022403498534
35x24,300,0.0021484156158956243,0.9357021719238293
35x25,300,0.0018142819875248469,1.0848534919136366
35x26,300,0.0022297583944413304,0.8935056995598184
35x29,300,0.0022491404215757996,0.8930752588850328
35x30,300,0.002285514902641914,0.9731946793579552
35x31,300,0.002004164720022821,1.0154072091989235
35x33,300,0.0022032069574158793,0.9246782775626222
35x34,300,0.0023127595018414453,0.9016438153486445
35x36,300,0.0017714442114826674,0.9930561338025155
35x37,300,0.001896303319710646,1.2033805388609686
35x38,300,0.0018336218988791746,1.1908200224607235
35x39,300,0.0017232845040065807,1.151141835358799
35x40,300,0.0018202556800189322,1.1415420516688006
35x4,300,0.0016342607998182795,1.1130532540187392
35x5,300,0.0019031211007290879,1.0888843255343383
35x6,300,0.0019606353937892036,1.0227118710621526
35x7,300,0.0018037266811166098,1.136356033475032
35x9,300,0.0016372078790733201,1.1028805358995648
3x5,300,0.0020787887321396564,0.9063496629648569
36x13,300,0.0020760945867447393,0.9663146516534391
36x14,300,0.0018560399604530713,1.1222186029631729
36x15,300,0.0020132797700758817,0.9804149293546648
36x19,300,0.002149036516075046,0.9404845230279621
36x1,300,0.0017414956363346324,1.0289673810708932
36x20,300,0.0020423963371181647,0.9568730607878511
36x24,300,0.0020963659437693437,0.9800242532143816
36x25,300,0.0017814032833321119,1.0399985787522708
36x26,300,0.0021623038889646085,0.9252578558328524
36x29,300,0.0021439304885891354,0.9041517109826193
36x31,300,0.0019514190452969598,1.0580645652011853
36x33,300,0.002117634510137113,0.8971852255713524
36x34,300,0.0022234852593361254,0.9221853929369385
36x37,300,0.001833183177248044,1.1806393481508122
36x38,300,0.001790703219436305,1.242070956251697
36x39,300,0.0016447321312984275,1.2439438659468403
36x40,300,0.001738792647967382,1.0647311285212822
36x4,300,0.0015561256356525146,1.2141514255639763
36x5,300,0.0017865239519153711,1.1333862370190104
36x6,300,0.001905595615976519,1.0344316901831812
36x9,300,0.0015798108049757892,1.1353289543367702
3x6,300,0.002167933493762157,0.9033162494144591
37x14,300,0.0019156777187321573,1.2282725635155174
37x19,300,0.002204170232712609,1.045479405511469
37x26,300,0.0021940938536140027,1.0231579055832591
37x31,300,0.0019942009184507853,1.1647672505776185
37x33,300,0.0021792027538924687,1.0632630670734973
37x9,300,0.0016467130086519717,1.1139447080926883
3x7,300,0.0019557515556730535,0.9075785286387814
38x14,300,0.0018782400216049758,1.1055570621663358
38x19,300,0.002188374223868438,0.9741199706806349
38x1,300,0.0018117051369788638,1.1053720196183197
38x26,300,0.0022066196105076,0.962415824861152
38x31,300,0.001984607464375103,1.0254216145938897
38x33,300,0.00218731652264409,1.0440139445595311
38x37,300,0.0018825327533500628,1.3069400880596418
38x9,300,0.0016297710563506454,1.063789382742554
39x14,300,0.0018672105874316136,1.1117449560566126
39x19,300,0.002157265816586564,0.8867795396362552
39x1,300,0.0017348863936721619,1.0956251928987468
39x26,300,0.0021220582850879346,0.9471578396605298
39x31,300,0.0019173599859944634,1.0571864531065371
39x33,300,0.002126017742330406,0.9624506069854047
39x37,300,0.0018464450275451898,1.209352001996043
39x38,300,0.0017446593333701017,1.143616972812999
39x40,300,0.0017160593221343082,1.2069309009969085
39x5,300,0.0017846421935716597,1.1426511979941019
39x9,300,0.0015386897109079761,1.2166501014524616
3x9,300,0.0018179822976123136,0.8141088274378858
40x14,300,0.0019096871549631833,1.1628037579153636
40x19,300,0.0022136142264617756,0.997057148979486
40x1,300,0.0018093387695967001,1.112700435010018
40x26,300,0.0021907572309468742,0.9672364222724527
40x31,300,0.001975422662718928,1.0880403305012094
40x33,300,0.0021556532643918574,0.9792971417851665
40x37,300,0.0018839694893542402,1.2341000280314525
40x38,300,0.0018196624528688799,1.2306752400320964
40x9,300,0.0016204126219127072,1.1701240875316679
4x14,300,0.001819242924958258,1.0829829081755886
4x19,300,0.0021634365761023584,0.9019415690635293
4x1,300,0.0017670624154479465,1.1164657889316398
4x26,300,0.002157050011716151,0.9970462575094526
4x31,300,0.001944172815491865,1.1059681771861622
4x33,300,0.0021366813896882995,0.9328083925695205
4x37,300,0.0018053102938568844,1.2626363120331108
4x38,300,0.0017833626075518124,1.1926282583137096
4x39,300,0.001676226547037499,1.1924074812152652
4x40,300,0.0017390854090754949,1.1574169797534481
4x5,300,0.0017984824701577369,1.1624197754329477
4x9,300,0.0015705665246401317,1.2280141231174524
5x14,300,0.0018912053708354264,1.1462649400444738
5x19,300,0.0022249007863302415,0.970245986500799
5x1,300,0.0017888734913566876,1.1237233569348681
5x26,300,0.0022024344841275103,0.9668347905084279
5x31,300,0.0019676933305009868,1.0753427979556822
5x33,300,0.0021861205930472512,0.9655352340313609
5x37,300,0.0018597502506864983,1.1427941680407334
5x38,300,0.0017809722331703082,1.2533612045881748
5x40,300,0.0017681343040471878,1.2276581985437385
5x9,300,0.0016106207117759749,1.1355010321020669
6x13,300,0.002162722860159079,1.0075512407995462
6x14,300,0.001945198494347565,1.0978575143956284
6x15,300,0.002103110361431502,0.9916930722771609
6x19,300,0.0022755943111060517,0.9653189833861476
6x1,300,0.0018568449366318225,1.0111578084921018
6x24,300,0.002163324816991273,1.0058643086946983
6x25,300,0.001836855173073647,1.1250863469503534
6x26,300,0.0022540768788573153,0.9547711833122157
6x29,300,0.0022776002492137693,0.9687646678450862
6x31,300,0.00204613855177739,1.0372614651931165
6x33,300,0.002238962616875366,0.981450591650924
6x34,300,0.002340721955292627,0.9283473313133693
6x37,300,0.001921294784496692,1.1397175457069042
6x38,300,0.0018601844331287676,1.1411764796149626
6x39,300,0.0017329107454803567,1.0442432532389878
6x40,300,0.0018398583254060144,1.065747685165027
6x4,300,0.001664749009125307,1.0271854757049064
6x5,300,0.0018850844230345028,1.064778987947983
6x9,300,0.0016789734865862186,1.0447303125235383
7x13,300,0.0021193368063934124,1.0093988721296079
7x14,300,0.0018869966052832187,1.142358919557746
7x15,300,0.0020515656163369407,1.0112090372664868
7x19,300,0.002203920395060393,0.9591221603316478
7x1,300,0.0017974177026858842,1.1293060041690504
7x20,300,0.0020834688005764413,0.9937211038752529
7x21,300,0.002159084815894633,1.0175557804915214
7x22,300,0.0019146862822231544,1.090931156211157
7x24,300,0.0021482038078935884,1.0105269856109447
7x25,300,0.0017797195184089253,1.1629190117371742
7x26,300,0.0022200263033625633,0.9796797860800933
7x29,300,0.0022039495247254915,0.9686497229658028
7x30,300,0.0022768063179248567,0.9393703369205723
7x31,300,0.0019679892207329326,1.032845406276396
7x33,300,0.0021728568657093435,0.9869299269203983
7x34,300,0.0022891323198350015,0.9190375772195142
7x36,300,0.0017373952113938003,1.1697931434455946
7x37,300,0.0018220952471991207,1.207880053680495
7x38,300,0.0017788395323120561,1.201981669657634
7x39,300,0.001681892558228703,1.1628865535943813
7x40,300,0.0018053224632537243,1.1827298130313628
7x4,300,0.0015957071663428126,1.1320995737107862
7x5,300,0.0018514375325102302,1.1677198588698854
7x6,300,0.001937359806325243,1.0319029403549678
7x9,300,0.0016320697684394426,1.1696102011423692
8x13,300,0.002221029640654231,1.0624515530403202
8x14,300,0.002016471235216009,1.0364294123178397
8x15,300,0.002161849865245683,1.0496286167863704
8x16,300,0.0020448265701624056,1.0493011364423184
8x17,300,0.0023698008587384367,0.9912195655853101
8x19,300,0.002313372434066596,1.015350162962983
8x1,300,0.0019207713362129652,0.9624704086521068
8x20,300,0.002204736368231548,1.03742976512109
8x21,300,0.0022635003703385392,1.0284500136702177
8x22,300,0.002038404167231469,1.006229650413539
8x24,300,0.0022422125517412134,1.060958260383628
8x25,300,0.0019094950697011038,0.9461913850644288
8x26,300,0.002307780444085529,0.9914454424953079
8x28,300,0.0018643729973621148,1.0210018327578003
8x29,300,0.0023390540847369194,1.0225834478609006
8x30,300,0.0023605680472282204,1.0090729303869892
8x31,300,0.002096830200047058,1.0798886505761904
8x33,300,0.0022922851993470504,1.0070526460168752
8x34,300,0.0024002056968072914,0.9842096819243943
8x35,300,0.0019507638333478316,0.9230447145594672
8x36,300,0.0018339774566161334,0.9153348856842107
8x37,300,0.001955615296807546,0.9778297320280348
8x38,300,0.0019135562509981188,1.0114464219090653
8x39,300,0.0017959055346160983,1.0207669317931753
8x3,300,0.0025008280330195793,0.9560334116850467
8x40,300,0.0018893152661387269,1.0093792120785723
8x4,300,0.0017096451963529609,0.9968443027252162
8x5,300,0.001954592116849402,1.0399332610489276
8x6,300,0.002051106145076029,1.036357465717613
8x7,300,0.0018741689766128581,1.036955820394077
8x9,300,0.0017186260554385984,1.0192058475174817
9x14,300,0.0018302410964996622,1.056276008453119
9x26,300,0.00216392611684186,0.9525069001630624
9x31,300,0.0019390340607305168,1.0042976362040243
9x33,300,0.0021317734709334355,0.9703633505206088
